{"cameraMode":{"drawMode":0,"name":"Shaded","section":"Shading Mode"},"sceneLighting":true,"audioPlay":false,"sceneViewState":{"m_AlwaysRefresh":false,"showFog":true,"showSkybox":true,"showFlares":true,"showImageEffects":true,"showParticleSystems":true,"showVisualEffectGraphs":true,"m_FxEnabled":true},"in2DMode":false,"pivot":{"x":-1.829333782196045,"y":-10.13792610168457,"z":9.749485969543457},"rotation":{"x":0.7102752327919006,"y":-0.003167577553540468,"z":0.0031964348163455726,"w":0.703912615776062},"size":26.990325927734376,"orthographic":false}